Expense ID,Employee Name,Department,Destination,Expense Category,Amount ($),Payment Mode,Approval Status
EXP-301,Charlie Brown,2,3,3,0.030971935138003066,0,1
EXP-302,Diana Prince,3,2,0,0.5532171240977571,1,0
EXP-303,Evan Wright,1,1,1,0.28417468967270554,1,0
EXP-304,Fiona Gallagher,0,0,2,0.05202887176823,0,1
EXP-305,George Clark,1,2,1,0.35510506361295024,1,0
EXP-306,Hannah Abbott,2,1,3,0.06448617758569232,0,0
EXP-307,Ian Malcolm,0,0,0,0.7020857973449468,0,0
EXP-308,Julia Roberts,3,3,2,0.06688478926483103,1,1
EXP-309,Kevin Bacon,1,3,1,0.2190474085045706,0,1
EXP-310,Laura Croft,3,0,3,0.0,0,1
EXP-311,Michael Scott,0,2,2,0.024162972952060928,1,1
EXP-312,Nina Williams,2,1,0,0.5064607766196155,1,1
EXP-313,Oscar Martinez,1,2,1,0.3574815682720047,0,0
EXP-314,Pam Beesly,2,0,3,0.034055864439752837,1,1
EXP-315,Quentin Tarantino,0,3,0,0.9999999999999998,1,0
EXP-316,Rachel Green,3,1,2,0.04338502691529694,0,1
EXP-317,Steve Rogers,0,1,1,0.13551603311631605,0,1
EXP-318,Tom Hardy,1,0,2,0.07070930373940243,1,1
EXP-319,Bruce Wayne,3,3,3,0.022703909626501893,0,0
EXP-320,Clark Kent,2,2,0,0.7061977030806131,1,1
EXP-321,Barry Allen,1,3,3,0.0074832262985110864,1,0
EXP-322,Arthur Curry,0,2,0,0.5293415424067912,0,1
EXP-323,Victor Stone,3,1,1,0.1907725298168433,1,1
EXP-324,Sarah Connor,2,0,2,0.11485702284760524,0,0
EXP-325,John Doe,0,0,1,0.23388121898108744,1,1
